,no pre-calibration,using pre-calibration
RMSE,1.5232447657096855,5e-324
No. Options,145.0,1e-323
v_bar,0.04626408369480972,1e-323
sigma,2.0,1e-323
rho,-0.6675087737672547,1.5e-323
kappa,4.640779211210389,2.5e-323
v0,0.008650892061222845,3e-323
