,no pre-calibration,using pre-calibration
error,-0.2534407934454115,0.04441080310059534
v_bar,0.04000106465114898,0.05848966162521461
sigma,2.0,2.0
rho,-0.4998257970539216,-0.3470676427856128
kappa,4.456318271775762,1.8768432973430298
v0,0.014731309536652486,0.016692599026227283
