,no pre-calibration,using pre-calibration
RMSE,5.564326497469124,-0.031986919100489314
No. Options,1218.0,-0.03200770147345132
v_bar,0.03871433217046146,-0.03200815891731128
sigma,1.4935756786935308,-0.03174920509659376
rho,-0.6219272633357845,-0.03148654719246305
kappa,3.7650444932441194,-0.03153106530705276
v0,0.011472290090119033,-0.03177630821933787
