,no pre-calibration,using pre-calibration
error,-0.1748733361847167,-0.01888292346693542
v_bar,0.04345429203642573,0.04927377097732071
sigma,2.0,2.0
rho,-0.7103866226619454,-0.6662049657488147
kappa,4.357604194476379,2.9188933237365697
v0,0.010203601909493326,0.0116644019773111
